[
    {
        "pageId": "613dae0445c248718a251e16",
        "pageCode": "LEGATEADMINHOME",
        "pageName": "Legate Admin Home",
        "facilityId": 1002,
        "isEnabled": "true",
        "roleTypeId": "1",
        "pageOptions": [
		 {
        "optionId": "613dbe4645c248718a251e1e",
        "pageOptionsCode": "HEADER",
        "pageOptionsName": "Header",
        "facilityId": 1002,
        "pageId": "613dae0445c248718a251e16",
        "isEnabled": "true",
        "roleTypeId": "1",
        "pageCode": "LEGATEADMINHOME",
        "pageName": "Legate Admin Home",
        "menus": [
          {
            "pageMenuCode": "WHOWEARE?",
            "pageMenuName": "Who We Are?",
            "facilityId": 1002,
            "isEnabled": "true",
            "pageOptionsId": "613dbe4645c248718a251e1e",
            "roleTypeId": "1",
            "pageOptionsCode": "HEADER",
            "pageOptionsName": "Header"
          },
          {
            "pageMenuCode": "PRODUCTS",
            "pageMenuName": "Products",
            "facilityId": 1002,
            "isEnabled": "true",
            "pageOptionsId": "613dbe4645c248718a251e1e",
            "roleTypeId": "1",
            "pageOptionsCode": "HEADER",
            "pageOptionsName": "Header"
          },
          {
            "pageMenuCode": "RESOURCES",
            "pageMenuName": "Resources",
            "facilityId": 1002,
            "isEnabled": "true",
            "pageOptionsId": "613dbe4645c248718a251e1e",
            "roleTypeId": "1",
            "pageOptionsCode": "HEADER",
            "pageOptionsName": "Header"
          },
          {
            "pageMenuCode": "LOGIN",
            "pageMenuName": "Login",
            "facilityId": 1002,
            "isEnabled": "true",
            "pageOptionsId": "613dbe4645c248718a251e1e",
            "roleTypeId": "1",
            "pageOptionsCode": "HEADER",
            "pageOptionsName": "Header"
          },
          {
            "pageMenuCode": "CREATEUSER",
            "pageMenuName": "Create User",
            "facilityId": 1002,
            "isEnabled": "true",
            "pageOptionsId": "613dbe4645c248718a251e1e",
            "roleTypeId": "1",
            "pageOptionsCode": "HEADER",
            "pageOptionsName": "Header"
          },
          {
            "pageMenuCode": "HELP&SUPPORT",
            "pageMenuName": "Help & Support",
            "facilityId": 1002,
            "isEnabled": "true",
            "pageOptionsId": "613dbe4645c248718a251e1e",
            "roleTypeId": "1",
            "pageOptionsCode": "HEADER",
            "pageOptionsName": "Header"
          }
        ]
      },
      {
        "optionId": "613dbe7d45c248718a251e1f",
        "pageOptionsCode": "BODY",
        "pageOptionsName": "Body",
        "facilityId": 1002,
        "pageId": "613dae0445c248718a251e16",
        "isEnabled": "true",
        "roleTypeId": "1",
        "pageCode": "LEGATEADMINHOME",
        "pageName": "Legate Admin Home",
        "menus": [
          {
            "pageMenuCode": "SLIDES",
            "pageMenuName": "Slides",
            "facilityId": 1002,
            "isEnabled": "true",
            "pageOptionsId": "613dbe7d45c248718a251e1f",
            "roleTypeId": "1",
            "pageOptionsCode": "BODY",
            "pageOptionsName": "Body"
          },
          {
            "pageMenuCode": "WHOWEARE?",
            "pageMenuName": "Who We Are?",
            "facilityId": 1002,
            "isEnabled": "true",
            "pageOptionsId": "613dbe7d45c248718a251e1f",
            "roleTypeId": "1",
            "pageOptionsCode": "BODY",
            "pageOptionsName": "Body"
          },
          {
            "pageMenuCode": "PRODUCTS",
            "pageMenuName": "Products",
            "facilityId": 1002,
            "isEnabled": "true",
            "pageOptionsId": "613dbe7d45c248718a251e1f",
            "roleTypeId": "1",
            "pageOptionsCode": "BODY",
            "pageOptionsName": "Body"
          },
          {
            "pageMenuCode": "RESOURCES",
            "pageMenuName": "Resources",
            "facilityId": 1002,
            "isEnabled": "true",
            "pageOptionsId": "613dbe7d45c248718a251e1f",
            "roleTypeId": "1",
            "pageOptionsCode": "BODY",
            "pageOptionsName": "Body"
          }
        ]
      },
      {
        "optionId": "613dbeae45c248718a251e20",
        "pageOptionsCode": "FOOTER",
        "pageOptionsName": "Footer",
        "facilityId": 1002,
        "pageId": "613dae0445c248718a251e16",
        "isEnabled": "true",
        "roleTypeId": "1",
        "pageCode": "LEGATEADMINHOME",
        "pageName": "Legate Admin Home",
        "menus": [
          {
            "pageMenuCode": "LATESTNEWS",
            "pageMenuName": "Latest News",
            "facilityId": 1002,
            "isEnabled": "true",
            "pageOptionsId": "613dbeae45c248718a251e20",
            "roleTypeId": "1",
            "pageOptionsCode": "FOOTER",
            "pageOptionsName": "Footer"
          },
          {
            "pageMenuCode": "CONTACTUS",
            "pageMenuName": "Contact Us",
            "facilityId": 1002,
            "isEnabled": "true",
            "pageOptionsId": "613dbeae45c248718a251e20",
            "roleTypeId": "1",
            "pageOptionsCode": "FOOTER",
            "pageOptionsName": "Footer"
          },
          {
            "pageMenuCode": "NAME",
            "pageMenuName": "Name",
            "facilityId": 1002,
            "isEnabled": "true",
            "pageOptionsId": "613dbeae45c248718a251e20",
            "roleTypeId": "1",
            "pageOptionsCode": "FOOTER",
            "pageOptionsName": "Footer"
          },
          {
            "pageMenuCode": "EMAIL",
            "pageMenuName": "Email",
            "facilityId": 1002,
            "isEnabled": "true",
            "pageOptionsId": "613dbeae45c248718a251e20",
            "roleTypeId": "1",
            "pageOptionsCode": "FOOTER",
            "pageOptionsName": "Footer"
          },
          {
            "pageMenuCode": "MESSAGE",
            "pageMenuName": "Message",
            "facilityId": 1002,
            "isEnabled": "true",
            "pageOptionsId": "613dbeae45c248718a251e20",
            "roleTypeId": "1",
            "pageOptionsCode": "FOOTER",
            "pageOptionsName": "Footer"
          },
          {
            "pageMenuCode": "SUBMIT",
            "pageMenuName": "Submit",
            "facilityId": 1002,
            "isEnabled": "true",
            "pageOptionsId": "613dbeae45c248718a251e20",
            "roleTypeId": "1",
            "pageOptionsCode": "FOOTER",
            "pageOptionsName": "Footer"
          },
          {
            "pageMenuCode": "DESCRIPTION",
            "pageMenuName": "Description",
            "facilityId": 1002,
            "isEnabled": "true",
            "pageOptionsId": "613dbeae45c248718a251e20",
            "roleTypeId": "1",
            "pageOptionsCode": "FOOTER",
            "pageOptionsName": "Footer"
          }
        ]
      },
      {
        "optionId": "613dc34545c248718a251e2d",
        "pageOptionsCode": "LOGIN",
        "pageOptionsName": "Login",
        "facilityId": 1002,
        "pageId": "613dae0445c248718a251e16",
        "isEnabled": "true",
        "roleTypeId": "1",
        "pageCode": "LEGATEADMINHOME",
        "pageName": "Legate Admin Home",
        "menus": [
          {
            "pageMenuCode": "EMAIL",
            "pageMenuName": "Email",
            "facilityId": 1002,
            "isEnabled": "true",
            "pageOptionsId": "613dc34545c248718a251e2d",
            "roleTypeId": "1",
            "pageOptionsCode": "LOGIN",
            "pageOptionsName": "Login"
          },
          {
            "pageMenuCode": "PASSWORD",
            "pageMenuName": "Password",
            "facilityId": 1002,
            "isEnabled": "true",
            "pageOptionsId": "613dc34545c248718a251e2d",
            "roleTypeId": "1",
            "pageOptionsCode": "LOGIN",
            "pageOptionsName": "Login"
          },
          {
            "pageMenuCode": "SUBMIT",
            "pageMenuName": "Submit",
            "facilityId": 1002,
            "isEnabled": "true",
            "pageOptionsId": "613dc34545c248718a251e2d",
            "roleTypeId": "1",
            "pageOptionsCode": "LOGIN",
            "pageOptionsName": "Login"
          },
          {
            "pageMenuCode": "CANCEL",
            "pageMenuName": "Cancel",
            "facilityId": 1002,
            "isEnabled": "true",
            "pageOptionsId": "613dc34545c248718a251e2d",
            "roleTypeId": "1",
            "pageOptionsCode": "LOGIN",
            "pageOptionsName": "Login"
          },
          {
            "pageMenuCode": "FORGOTPASSWORD?",
            "pageMenuName": "Forgot Password ?",
            "facilityId": 1002,
            "isEnabled": "true",
            "pageOptionsId": "613dc34545c248718a251e2d",
            "roleTypeId": "1",
            "pageOptionsCode": "LOGIN",
            "pageOptionsName": "Login"
          },
          {
            "pageMenuCode": "CREATEACCOUNT",
            "pageMenuName": "Create Account",
            "facilityId": 1002,
            "isEnabled": "true",
            "pageOptionsId": "613dc34545c248718a251e2d",
            "roleTypeId": "1",
            "pageOptionsCode": "LOGIN",
            "pageOptionsName": "Login"
          }
        ]
      },
      {
        "optionId": "613dc3bc45c248718a251e2e",
        "pageOptionsCode": "CREATEUSER",
        "pageOptionsName": "Create User",
        "facilityId": 1002,
        "pageId": "613dae0445c248718a251e16",
        "isEnabled": "true",
        "roleTypeId": "1",
        "pageCode": "LEGATEADMINHOME",
        "pageName": "Legate Admin Home",
        "menus": [
          {
            "pageMenuCode": "FIRSTNAME",
            "pageMenuName": "First Name",
            "facilityId": 1002,
            "isEnabled": "true",
            "pageOptionsId": "613dc3bc45c248718a251e2e",
            "roleTypeId": "1",
            "pageOptionsCode": "CREATEUSER",
            "pageOptionsName": "Create User"
          },
          {
            "pageMenuCode": "LASTNAME",
            "pageMenuName": "Last Name",
            "facilityId": 1002,
            "isEnabled": "true",
            "pageOptionsId": "613dc3bc45c248718a251e2e",
            "roleTypeId": "1",
            "pageOptionsCode": "CREATEUSER",
            "pageOptionsName": "Create User"
          },
          {
            "pageMenuCode": "EMAIL",
            "pageMenuName": "Email",
            "facilityId": 1002,
            "isEnabled": "true",
            "pageOptionsId": "613dc3bc45c248718a251e2e",
            "roleTypeId": "1",
            "pageOptionsCode": "CREATEUSER",
            "pageOptionsName": "Create User"
          },
          {
            "pageMenuCode": "PASSWORD",
            "pageMenuName": "Password",
            "facilityId": 1002,
            "isEnabled": "true",
            "pageOptionsId": "613dc3bc45c248718a251e2e",
            "roleTypeId": "1",
            "pageOptionsCode": "CREATEUSER",
            "pageOptionsName": "Create User"
          },
          {
            "pageMenuCode": "CONFIRMPASSWORD",
            "pageMenuName": "Confirm Password",
            "facilityId": 1002,
            "isEnabled": "true",
            "pageOptionsId": "613dc3bc45c248718a251e2e",
            "roleTypeId": "1",
            "pageOptionsCode": "CREATEUSER",
            "pageOptionsName": "Create User"
          },
          {
            "pageMenuCode": "SUBMIT",
            "pageMenuName": "Submit",
            "facilityId": 1002,
            "isEnabled": "true",
            "pageOptionsId": "613dc3bc45c248718a251e2e",
            "roleTypeId": "1",
            "pageOptionsCode": "CREATEUSER",
            "pageOptionsName": "Create User"
          },
          {
            "pageMenuCode": "CANCEL",
            "pageMenuName": "Cancel",
            "facilityId": 1002,
            "isEnabled": "true",
            "pageOptionsId": "613dc3bc45c248718a251e2e",
            "roleTypeId": "1",
            "pageOptionsCode": "CREATEUSER",
            "pageOptionsName": "Create User"
          }
        ]
      }
	  ]
    },
    {
        "pageId": "613dae6845c248718a251e17",
        "pageCode": "LEGATEADMINWELCOME",
        "pageName": "Legate Admin Welcome",
        "facilityId": 1002,
        "isEnabled": "true",
        "roleTypeId": "1",
        "pageOptions": [
            {
                "optionId": "61420e24380a774f863dc8b9",
                "pageOptionsCode": "SECTION1",
                "pageOptionsName": "section1",
                "facilityId": 1002,
                "pageId": "613dae6845c248718a251e17",
                "isEnabled": "false",
                "roleTypeId": "1",
                "pageCode": "LEGATEADMINWELCOME",
                "pageName": "Legate Admin Welcome",
                "menus": [
                    {
                        "menuId": null,
                        "pageMenuCode": "PROFILEIMAGE",
                        "pageMenuName": "profileimage",
                        "facilityId": 1002,
                        "isEnabled": "false",
                        "pageOptionsId": "61420e24380a774f863dc8b9",
                        "roleTypeId": "1",
                        "pageOptionsCode": "SECTION1",
                        "pageOptionsName": "section1",
                        "submenus": []
                    },
                    {
                        "menuId": null,
                        "pageMenuCode": "USERNAME",
                        "pageMenuName": "username",
                        "facilityId": 1002,
                        "isEnabled": "false",
                        "pageOptionsId": "61420e24380a774f863dc8b9",
                        "roleTypeId": "1",
                        "pageOptionsCode": "SECTION1",
                        "pageOptionsName": "section1",
                        "submenus": []
                    },
                    {
                        "menuId": null,
                        "pageMenuCode": "USERDESIGNATION",
                        "pageMenuName": "userdesignation",
                        "facilityId": 1002,
                        "isEnabled": "false",
                        "pageOptionsId": "61420e24380a774f863dc8b9",
                        "roleTypeId": "1",
                        "pageOptionsCode": "SECTION1",
                        "pageOptionsName": "section1",
                        "submenus": []
                    },
                    {
                        "menuId": null,
                        "pageMenuCode": "ABOUTUS",
                        "pageMenuName": "aboutus",
                        "facilityId": 1002,
                        "isEnabled": "false",
                        "pageOptionsId": "61420e24380a774f863dc8b9",
                        "roleTypeId": "1",
                        "pageOptionsCode": "SECTION1",
                        "pageOptionsName": "section1",
                        "submenus": []
                    },
                    {
                        "menuId": null,
                        "pageMenuCode": "ABOUTUSEEDITBUTTON",
                        "pageMenuName": "aboutuseeditbutton",
                        "facilityId": 1002,
                        "isEnabled": "false",
                        "pageOptionsId": "61420e24380a774f863dc8b9",
                        "roleTypeId": "1",
                        "pageOptionsCode": "SECTION1",
                        "pageOptionsName": "section1",
                        "submenus": []
                    },
                    {
                        "menuId": null,
                        "pageMenuCode": "USER",
                        "pageMenuName": "User",
                        "facilityId": 1002,
                        "isEnabled": "false",
                        "pageOptionsId": "61420e24380a774f863dc8b9",
                        "roleTypeId": "1",
                        "pageOptionsCode": "SECTION1",
                        "pageOptionsName": "section1",
                        "submenus": [
                            {
                                "pageSubMenuCode": "DASHBOARD",
                                "pageSubMenuName": "Dashboard",
                                "facilityId": 1002,
                                "isEnabled": "false",
                                "pageMenuId": "614228a9380a774f863dc8c0",
                                "roleTypeId": "1",
                                "pageMenuCode": "USER",
                                "pageMenuName": "User"
                            },
                            {
                                "pageSubMenuCode": "CREATENEW",
                                "pageSubMenuName": "Create New",
                                "facilityId": 1002,
                                "isEnabled": "false",
                                "pageMenuId": "614228a9380a774f863dc8c0",
                                "roleTypeId": "1",
                                "pageMenuCode": "USER",
                                "pageMenuName": "User"
                            },
                            {
                                "pageSubMenuCode": "REGISTEREDUSER",
                                "pageSubMenuName": "Registered User",
                                "facilityId": 1002,
                                "isEnabled": "false",
                                "pageMenuId": "614228a9380a774f863dc8c0",
                                "roleTypeId": "1",
                                "pageMenuCode": "USER",
                                "pageMenuName": "User"
                            },
                            {
                                "pageSubMenuCode": "VERIFIEDACCOUNT",
                                "pageSubMenuName": "Verified Account",
                                "facilityId": 1002,
                                "isEnabled": "false",
                                "pageMenuId": "614228a9380a774f863dc8c0",
                                "roleTypeId": "1",
                                "pageMenuCode": "USER",
                                "pageMenuName": "User"
                            },
                            {
                                "pageSubMenuCode": "NONVERIFIEDACCOUNT",
                                "pageSubMenuName": "Non Verified Account",
                                "facilityId": 1002,
                                "isEnabled": "false",
                                "pageMenuId": "614228a9380a774f863dc8c0",
                                "roleTypeId": "1",
                                "pageMenuCode": "USER",
                                "pageMenuName": "User"
                            }
                        ]
                    },
                    {
                        "menuId": null,
                        "pageMenuCode": "TICKETS",
                        "pageMenuName": "Tickets",
                        "facilityId": 1002,
                        "isEnabled": "false",
                        "pageOptionsId": "61420e24380a774f863dc8b9",
                        "roleTypeId": "1",
                        "pageOptionsCode": "SECTION1",
                        "pageOptionsName": "section1",
                        "submenus": [
                            {
                                "pageSubMenuCode": "DASHBOARD",
                                "pageSubMenuName": "Dashboard",
                                "facilityId": 1002,
                                "isEnabled": "false",
                                "pageMenuId": "614229d4380a774f863dc8c6",
                                "roleTypeId": "1",
                                "pageMenuCode": "TICKETS",
                                "pageMenuName": "Tickets"
                            },
                            {
                                "pageSubMenuCode": "CREATENEW",
                                "pageSubMenuName": "Create New",
                                "facilityId": 1002,
                                "isEnabled": "false",
                                "pageMenuId": "614229d4380a774f863dc8c6",
                                "roleTypeId": "1",
                                "pageMenuCode": "TICKETS",
                                "pageMenuName": "Tickets"
                            },
                            {
                                "pageSubMenuCode": "ASSIGNEDDETAILS",
                                "pageSubMenuName": "Assigned Details",
                                "facilityId": 1002,
                                "isEnabled": "false",
                                "pageMenuId": "614229d4380a774f863dc8c6",
                                "roleTypeId": "1",
                                "pageMenuCode": "TICKETS",
                                "pageMenuName": "Tickets"
                            },
                            {
                                "pageSubMenuCode": "RESOLVEDDETAILS",
                                "pageSubMenuName": "Resolved Details",
                                "facilityId": 1002,
                                "isEnabled": "false",
                                "pageMenuId": "614229d4380a774f863dc8c6",
                                "roleTypeId": "1",
                                "pageMenuCode": "TICKETS",
                                "pageMenuName": "Tickets"
                            },
                            {
                                "pageSubMenuCode": "RESOLVEDDETAILS",
                                "pageSubMenuName": "Resolved Details",
                                "facilityId": 1002,
                                "isEnabled": "false",
                                "pageMenuId": "614229d4380a774f863dc8c6",
                                "roleTypeId": "1",
                                "pageMenuCode": "TICKETS",
                                "pageMenuName": "Tickets"
                            },
                            {
                                "pageSubMenuCode": "HISTORYDETAILS",
                                "pageSubMenuName": "History Details",
                                "facilityId": 1002,
                                "isEnabled": "false",
                                "pageMenuId": "614229d4380a774f863dc8c6",
                                "roleTypeId": "1",
                                "pageMenuCode": "TICKETS",
                                "pageMenuName": "Tickets"
                            },
                            {
                                "pageSubMenuCode": "NEWTICKETSDETAILS",
                                "pageSubMenuName": "New Tickets Details",
                                "facilityId": 1002,
                                "isEnabled": "false",
                                "pageMenuId": "614229d4380a774f863dc8c6",
                                "roleTypeId": "1",
                                "pageMenuCode": "TICKETS",
                                "pageMenuName": "Tickets"
                            }
                        ]
                    },
                    {
                        "menuId": null,
                        "pageMenuCode": "EMPLOYEE",
                        "pageMenuName": "Employee",
                        "facilityId": 1002,
                        "isEnabled": "false",
                        "pageOptionsId": "61420e24380a774f863dc8b9",
                        "roleTypeId": "1",
                        "pageOptionsCode": "SECTION1",
                        "pageOptionsName": "section1",
                        "submenus": [
                            {
                                "pageSubMenuCode": "CREATENEW",
                                "pageSubMenuName": "Create New",
                                "facilityId": 1002,
                                "isEnabled": "false",
                                "pageMenuId": "61422aea380a774f863dc8ce",
                                "roleTypeId": "1",
                                "pageMenuCode": "EMPLOYEE",
                                "pageMenuName": "Employee"
                            },
                            {
                                "pageSubMenuCode": "DASHBOARD",
                                "pageSubMenuName": "Dashboard",
                                "facilityId": 1002,
                                "isEnabled": "false",
                                "pageMenuId": "61422aea380a774f863dc8ce",
                                "roleTypeId": "1",
                                "pageMenuCode": "EMPLOYEE",
                                "pageMenuName": "Employee"
                            },
                            {
                                "pageSubMenuCode": "DETAILS",
                                "pageSubMenuName": "Details",
                                "facilityId": 1002,
                                "isEnabled": "false",
                                "pageMenuId": "61422aea380a774f863dc8ce",
                                "roleTypeId": "1",
                                "pageMenuCode": "EMPLOYEE",
                                "pageMenuName": "Employee"
                            }
                        ]
                    }
                ]
            },
            {
                "optionId": "61420e4d380a774f863dc8ba",
                "pageOptionsCode": "SECTION2",
                "pageOptionsName": "section2",
                "facilityId": 1002,
                "pageId": "613dae6845c248718a251e17",
                "isEnabled": "false",
                "roleTypeId": "1",
                "pageCode": "LEGATEADMINWELCOME",
                "pageName": "Legate Admin Welcome",
                "menus": [
                    {
                        "menuId": null,
                        "pageMenuCode": "SECTION2HEADER",
                        "pageMenuName": "section2header",
                        "facilityId": 1002,
                        "isEnabled": "false",
                        "pageOptionsId": "61420e4d380a774f863dc8ba",
                        "roleTypeId": "1",
                        "pageOptionsCode": "SECTION2",
                        "pageOptionsName": "section2",
                        "submenus": [
                            {
                                "pageSubMenuCode": "NOTIFICATIONS",
                                "pageSubMenuName": "notifications",
                                "facilityId": 1002,
                                "isEnabled": "false",
                                "pageMenuId": "61422bdb380a774f863dc8d2",
                                "roleTypeId": "1",
                                "pageMenuCode": "SECTION2HEADER",
                                "pageMenuName": "section2header"
                            },
                            {
                                "pageSubMenuCode": "CHATS",
                                "pageSubMenuName": "chats",
                                "facilityId": 1002,
                                "isEnabled": "false",
                                "pageMenuId": "61422bdb380a774f863dc8d2",
                                "roleTypeId": "1",
                                "pageMenuCode": "SECTION2HEADER",
                                "pageMenuName": "section2header"
                            },
                            {
                                "pageSubMenuCode": "SETTINGSDROPDOWN",
                                "pageSubMenuName": "settingsdropdown",
                                "facilityId": 1002,
                                "isEnabled": "false",
                                "pageMenuId": "61422bdb380a774f863dc8d2",
                                "roleTypeId": "1",
                                "pageMenuCode": "SECTION2HEADER",
                                "pageMenuName": "section2header"
                            }
                        ]
                    },
                    {
                        "menuId": null,
                        "pageMenuCode": "SECTION2BODY",
                        "pageMenuName": "section2body",
                        "facilityId": 1002,
                        "isEnabled": "false",
                        "pageOptionsId": "61420e4d380a774f863dc8ba",
                        "roleTypeId": "1",
                        "pageOptionsCode": "SECTION2",
                        "pageOptionsName": "section2",
                        "submenus": [
                            {
                                "pageSubMenuCode": "ANALYTICSSLIDE",
                                "pageSubMenuName": "analyticsslide",
                                "facilityId": 1002,
                                "isEnabled": "false",
                                "pageMenuId": "61422bf9380a774f863dc8d3",
                                "roleTypeId": "1",
                                "pageMenuCode": "SECTION2BODY",
                                "pageMenuName": "section2body"
                            },
                            {
                                "pageSubMenuCode": "ANALYTICSCHART",
                                "pageSubMenuName": "analyticschart",
                                "facilityId": 1002,
                                "isEnabled": "false",
                                "pageMenuId": "61422bf9380a774f863dc8d3",
                                "roleTypeId": "1",
                                "pageMenuCode": "SECTION2BODY",
                                "pageMenuName": "section2body"
                            }
                        ]
                    },
                    {
                        "menuId": null,
                        "pageMenuCode": "SECTION2FOOTER",
                        "pageMenuName": "section2footer",
                        "facilityId": 1002,
                        "isEnabled": "false",
                        "pageOptionsId": "61420e4d380a774f863dc8ba",
                        "roleTypeId": "1",
                        "pageOptionsCode": "SECTION2",
                        "pageOptionsName": "section2",
                        "submenus": []
                    }
                ]
            }
        ]
    }
]